{"count":1,"self":332.2822912,"total":332.8898207,"children":{"InitializeActuators":{"count":1,"self":0.0019947999999999997,"total":0.0019947999999999997,"children":null},"InitializeSensors":{"count":1,"self":0.00098059999999999987,"total":0.00098059999999999987,"children":null},"AgentSendState":{"count":1015,"self":0.0077434999999999995,"total":0.02511,"children":{"CollectObservations":{"count":1015,"self":0.0057767999999999995,"total":0.0057767999999999995,"children":null},"WriteActionMask":{"count":1015,"self":0.000993,"total":0.000993,"children":null},"RequestDecision":{"count":1015,"self":0.010596699999999999,"total":0.010596699999999999,"children":null}}},"DecideAction":{"count":1015,"self":0.5747043,"total":0.5747043,"children":null},"AgentAct":{"count":1015,"self":0.0047377999999999995,"total":0.0047377999999999995,"children":null}},"gauges":{},"metadata":{"timer_format_version":"0.1.0","start_time_seconds":"1699884794","unity_version":"2022.3.10f1","command_line_arguments":"C:\\Program Files\\Unity\\Hub\\Editor\\2022.3.10f1\\Editor\\Unity.exe -projectpath C:\\Repos\\Unity 2D\\ML Breakout -useHub -hubIPC -cloudEnvironment production -licensingIpc LicenseClient-coale -hubSessionId 39d5b55f-b473-46cb-be02-a03deaf22218 -accessToken Er4RyVjvYNHwVd0Gf34f5dIzLVlgfClhfOJvfMx22o8001f","communication_protocol_version":"1.5.0","com.unity.ml-agents_version":"2.0.1","scene_name":"Level 1","end_time_seconds":"1699885126"}}