{"count":1,"self":14.7247696,"total":14.812375999999999,"children":{"InitializeActuators":{"count":2,"self":0.00088399999999999991,"total":0.00088399999999999991,"children":null},"InitializeSensors":{"count":2,"self":0.00077299999999999992,"total":0.00077299999999999992,"children":null},"AgentSendState":{"count":707,"self":0.005404,"total":0.008114999999999999,"children":{"CollectObservations":{"count":142,"self":0.00086299999999999994,"total":0.00086299999999999994,"children":null},"WriteActionMask":{"count":142,"self":0.000397,"total":0.000397,"children":null},"RequestDecision":{"count":142,"self":0.001451,"total":0.001451,"children":null}}},"DecideAction":{"count":707,"self":0.0048309999999999994,"total":0.0048309999999999994,"children":null},"AgentAct":{"count":707,"self":0.072446,"total":0.072446,"children":null}},"gauges":{},"metadata":{"timer_format_version":"0.1.0","start_time_seconds":"1698895831","unity_version":"2022.3.10f1","command_line_arguments":"\/Applications\/Unity\/Hub\/Editor\/2022.3.10f1\/Unity.app\/Contents\/MacOS\/Unity -projectpath \/Users\/Shawn_1\/ml_breakout -useHub -hubIPC -cloudEnvironment production -licensingIpc LicenseClient-Shawn -hubSessionId ad0b3759-f6ee-4194-891a-9592d8e4e007 -accessToken nSjv9uausWpq0eSI9WUeugXdoBZ6fvoyAXCrR7EK4Ac003f","communication_protocol_version":"1.5.0","com.unity.ml-agents_version":"2.0.1","scene_name":"Level 1","end_time_seconds":"1698895846"}}